Run ID,Model,Benchmark,Status,Progress,Correct,Total,Accuracy,Avg TPS,Avg TTFT,Avg Tokens,Total Tokens,Duration,Batch,Created
126,ornith-1.0-9b,MCP-Bench,FAILED,0/5,0,1,0.0%,0.0,0.0,0.0,0,2m 43s,9ba7115b-380b-4f53-8b8f-501b371e6fb3,2026-07-09 21:42
125,ornith-1.0-9b,BFCL,FAILED,0/5,0,1,0.0%,0.0,0.0,0.0,0,0s,9ba7115b-380b-4f53-8b8f-501b371e6fb3,2026-07-09 21:42
124,ornith-1.0-9b,HumanEval,FAILED,0/0,0,0,0%,0.0,0.0,0.0,0,0s,,2026-07-09 21:35
123,ornith-1.0-9b,MCP-Bench,FAILED,0/5,0,1,0.0%,0.0,0.0,0.0,0,0s,a41d460a-e63c-42c9-8c56-2bf6d50a4eab,2026-07-09 21:35
122,ornith-1.0-9b,Aider Polyglot,FAILED,0/0,0,0,0%,0.0,0.0,0.0,0,0s,a41d460a-e63c-42c9-8c56-2bf6d50a4eab,2026-07-09 21:35
121,ornith-1.0-9b,BigCodeBench-Hard,FAILED,0/0,0,0,0%,0.0,0.0,0.0,0,0s,a41d460a-e63c-42c9-8c56-2bf6d50a4eab,2026-07-09 21:35
120,ornith-1.0-9b,HumanEval,FAILED,0/0,0,0,0%,0.0,0.0,0.0,0,0s,a41d460a-e63c-42c9-8c56-2bf6d50a4eab,2026-07-09 21:35
119,ornith-1.0-9b,HumanEval,FAILED,0/5,0,1,0.0%,0.0,0.0,0.0,0,0s,65c4adfc-f0a1-4ab6-b2b1-1a888f43217c,2026-07-09 20:20
118,ornith-1.0-9b,HumanEval,FAILED,0/5,0,1,0.0%,0.0,0.0,0.0,0,0s,abce0940-bfb9-4557-916f-db8477cc9ecf,2026-07-09 20:19
117,google/gemma-4-12b-qat,MMMU-Pro,COMPLETED,5/5,0,5,0.0%,23.5,1.966,6904.0,34520,60m 3s,43287125-4d82-4f77-871a-e65dd47febc5,2026-07-08 15:09
116,google/gemma-4-12b-qat,Aider Polyglot,COMPLETED,6/6,0,6,0.0%,21.8,2.95,13041.5,78249,47m 22s,43287125-4d82-4f77-871a-e65dd47febc5,2026-07-08 15:09
115,google/gemma-4-12b-qat,BigCodeBench-Hard,COMPLETED,5/5,3,5,60.0%,26.4,1.17,7680.6,38403,15m 49s,43287125-4d82-4f77-871a-e65dd47febc5,2026-07-08 15:09
114,google/gemma-4-12b-qat,HumanEval,COMPLETED,5/5,4,5,80.0%,25.2,3.021,1279.2,6396,2m 38s,43287125-4d82-4f77-871a-e65dd47febc5,2026-07-08 15:09
112,google/gemma-4-12b-qat,Aider Polyglot,RUNNING,0/0,0,0,0%,0.0,0.0,0.0,0,In Progress,8f96166c-045e-4a90-b5b9-32c4c8ffd742,2026-07-08 14:58
111,google/gemma-4-12b-qat,HumanEval,HALTED,4/164,0,4,0.0%,24.3,0.832,1330.8,5323,7m 31s,8f96166c-045e-4a90-b5b9-32c4c8ffd742,2026-07-08 14:58
107,google/gemma-4-12b-qat,HumanEval,HALTED,3/164,0,3,0.0%,16.2,38.596,1563.0,4689,7m 44s,6878a5ff-dded-4df9-91bf-2599fc0f1722,2026-07-08 14:46
106,google/gemma-4-12b-qat,Aider Polyglot,RUNNING,0/225,0,0,0%,0.0,0.0,0.0,0,In Progress,d9910728-326b-4dc5-a125-54b86490a4ac,2026-07-08 14:45
105,google/gemma-4-12b-qat,MCP-Bench,FAILED,0/104,0,1,0.0%,0.0,0.0,0.0,0,9m 3s,d9910728-326b-4dc5-a125-54b86490a4ac,2026-07-08 14:45
104,google/gemma-4-12b-qat,BigCodeBench-Hard,FAILED,1/148,0,2,0.0%,13.8,1.155,6379.0,12758,9m 2s,d9910728-326b-4dc5-a125-54b86490a4ac,2026-07-08 14:45
103,google/gemma-4-12b-qat,HumanEval,HALTED,0/164,0,0,0%,0.0,0.0,0.0,0,1m 17s,d9910728-326b-4dc5-a125-54b86490a4ac,2026-07-08 14:45
102,google/gemma-4-12b-qat,BigCodeBench,RUNNING,2/5,0,2,0.0%,20.0,6.661,4189.5,8379,In Progress,,2026-07-08 12:15
101,ornith-1.0-9b,Aider Polyglot,RUNNING,7/225,0,7,0.0%,36.0,2.16,1160.3,8122,In Progress,,2026-07-08 10:59
100,ornith-1.0-9b,MMLU-Pro,FAILED,793/12032,656,794,82.6%,27.2,0.784,2056.4,1632771,637m 28s,00942376-ca5d-4456-be1f-4b10681635f9,2026-07-08 00:17
99,ornith-1.0-9b,HumanEval,HALTED,164/164,135,164,82.3%,29.5,0.696,1101.0,180567,621m 33s,00942376-ca5d-4456-be1f-4b10681635f9,2026-07-08 00:17
98,ornith-1.0-9b,LiveBench,HALTED,0/0,0,0,0%,0.0,0.0,0.0,0,1m 28s,266795ef-3292-48d8-a318-064d3f42ad45,2026-07-08 00:15
97,ornith-1.0-9b,Aider Polyglot,HALTED,0/0,0,0,0%,0.0,0.0,0.0,0,1m 28s,266795ef-3292-48d8-a318-064d3f42ad45,2026-07-08 00:15
96,ornith-1.0-9b,MCP-Bench,HALTED,0/0,0,0,0%,0.0,0.0,0.0,0,1m 28s,266795ef-3292-48d8-a318-064d3f42ad45,2026-07-08 00:15
95,ornith-1.0-9b,BigCodeBench-Hard,HALTED,0/0,0,0,0%,0.0,0.0,0.0,0,1m 28s,266795ef-3292-48d8-a318-064d3f42ad45,2026-07-08 00:15
94,ornith-1.0-9b,MMLU-Pro,HALTED,4/5,3,4,75.0%,41.6,0.58,1635.0,6540,1m 28s,266795ef-3292-48d8-a318-064d3f42ad45,2026-07-08 00:15
92,ornith-1.0-9b,HumanEval,RUNNING,36/164,0,2,0.0%,0.0,0.0,0.0,0,In Progress,,2026-07-07 18:38
91,ornith-1.0-9b,HumanEval,HALTED,54/164,46,60,76.7%,31.4,0.795,626.9,37614,13m 21s,,2026-07-07 18:20
90,ornith-1.0-9b,HumanEval,HALTED,151/164,0,151,0.0%,23.3,1.262,1476.1,222894,112m 11s,,2026-07-07 16:14
89,ornith-1.0-9b,HumanEval,HALTED,77/164,0,77,0.0%,30.6,0.801,944.8,72748,25m 45s,,2026-07-07 15:48
88,ornith-1.0-9b,HumanEval,HALTED,0/5,0,0,0%,0.0,0.0,0.0,0,35s,,2026-07-07 15:48
82,ornith-1.0-9b,HumanEval,HALTED,41/164,0,41,0.0%,18.7,0.43,36.8,1507,8m 56s,47499220-1d43-441f-a30b-809c069e97ad,2026-07-07 15:39
81,ornith-1.0-9b,MMLU-Pro,HALTED,0/0,0,0,0%,0.0,0.0,0.0,0,2m 17s,4832062f-22b9-4603-92e3-4d34fe8cfa14,2026-07-07 15:36
80,ornith-1.0-9b,LiveBench,HALTED,0/0,0,0,0%,0.0,0.0,0.0,0,2m 17s,4832062f-22b9-4603-92e3-4d34fe8cfa14,2026-07-07 15:36
79,ornith-1.0-9b,Aider Polyglot,HALTED,0/0,0,0,0%,0.0,0.0,0.0,0,2m 17s,4832062f-22b9-4603-92e3-4d34fe8cfa14,2026-07-07 15:36
78,ornith-1.0-9b,MCP-Bench,HALTED,0/0,0,0,0%,0.0,0.0,0.0,0,2m 17s,4832062f-22b9-4603-92e3-4d34fe8cfa14,2026-07-07 15:36
77,ornith-1.0-9b,BigCodeBench-Hard,HALTED,0/0,0,0,0%,0.0,0.0,0.0,0,2m 17s,4832062f-22b9-4603-92e3-4d34fe8cfa14,2026-07-07 15:36
76,ornith-1.0-9b,BigCodeBench,HALTED,0/1140,0,0,0%,0.0,0.0,0.0,0,2m 18s,4832062f-22b9-4603-92e3-4d34fe8cfa14,2026-07-07 15:36
74,ornith-1.0-9b,MMLU-Pro,HALTED,0/0,0,0,0%,0.0,0.0,0.0,0,8s,8a88b7a4-2641-49a8-9185-b477999a70b4,2026-07-07 15:35
73,ornith-1.0-9b,LiveBench,HALTED,0/0,0,0,0%,0.0,0.0,0.0,0,8s,8a88b7a4-2641-49a8-9185-b477999a70b4,2026-07-07 15:35
72,ornith-1.0-9b,Aider Polyglot,HALTED,0/0,0,0,0%,0.0,0.0,0.0,0,8s,8a88b7a4-2641-49a8-9185-b477999a70b4,2026-07-07 15:35
71,ornith-1.0-9b,MCP-Bench,HALTED,0/0,0,0,0%,0.0,0.0,0.0,0,8s,8a88b7a4-2641-49a8-9185-b477999a70b4,2026-07-07 15:35
70,ornith-1.0-9b,BigCodeBench-Hard,HALTED,0/0,0,0,0%,0.0,0.0,0.0,0,8s,8a88b7a4-2641-49a8-9185-b477999a70b4,2026-07-07 15:35
69,ornith-1.0-9b,BigCodeBench,HALTED,0/1140,0,0,0%,0.0,0.0,0.0,0,8s,8a88b7a4-2641-49a8-9185-b477999a70b4,2026-07-07 15:35
67,qwen_qwen3.5-0.8b,BigCodeBench-Hard,HALTED,57/148,0,57,0.0%,132.9,0.252,200.4,11420,1m 52s,,2026-07-07 12:49
53,ornith-1.0-9b,HumanEval,RUNNING,36/164,0,36,0.0%,18.3,0.621,260.6,9381,In Progress,d39beba7-8151-4265-b999-72f1c6e3bc85,2026-07-07 02:11
38,ornith-1.0-9b,HumanEval,RUNNING,0/5,0,0,0%,0.0,0.0,0.0,0,In Progress,5135a1a5-5165-4f2b-967a-966dc6153135,2026-07-07 01:13
36,qwen_qwen3.5-0.8b,MCP-Bench,RUNNING,54/104,17,54,31.5%,118.7,0.311,502.3,27126,In Progress,a52f78ad-5cef-446e-8b01-6b29cc4c8714,2026-07-07 00:59
28,qwen_qwen3.5-0.8b,TruthfulQA,RUNNING,669/817,285,669,42.6%,0.0,0.293,0.0,0,In Progress,,2026-07-07 00:47
27,qwen_qwen3.5-0.8b,MMMU-Pro,HALTED,80/1200,12,80,15.0%,93.4,0.561,106.5,8524,2m 13s,,2026-07-07 00:45
26,qwen3.5-9b,MMMU-Pro,HALTED,0/1200,0,0,0%,0.0,0.0,0.0,0,16s,,2026-07-07 00:43
25,qwen3.5-9b,MMMU-Pro,RUNNING,2/5,1,2,50.0%,23.5,8.806,8137.0,16274,In Progress,,2026-07-07 00:38
21,google/gemma-4-12b-qat,HumanEval,HALTED,0/5,0,0,0%,0.0,0.0,0.0,0,8s,,2026-07-06 23:37
16,google/gemma-4-12b-qat,MMMU-Pro,HALTED,0/0,0,0,0%,0.0,0.0,0.0,0,33s,,2026-07-06 23:29
13,qwen_qwen3.5-0.8b,HumanEval,COMPLETED,5/5,0,5,0.0%,86.9,0.598,7.0,35,3s,,2026-07-06 14:25
12,qwen_qwen3.5-0.8b,HumanEval,HALTED,1/5,0,1,0.0%,62.3,0.173,1.0,1,0s,,2026-07-06 14:25
11,qwen_qwen3.5-0.8b,BenchMax Lite,FAILED,11/50,9,11,81.8%,106.6,0.613,2033.7,22371,3m 17s,,2026-07-06 14:22
10,qwen_qwen3.5-0.8b,BenchMax Lite,COMPLETED,50/50,34,51,66.7%,82.8,0.155,441.8,22532,3m 24s,8cce2dd6-00b5-432f-829d-50e83bb37bc3,2026-07-05 20:42
9,qwen_qwen3.5-0.8b,Writing Speed Test,COMPLETED,5/5,5,5,100.0%,136.5,0.136,186.2,931,17s,8cce2dd6-00b5-432f-829d-50e83bb37bc3,2026-07-05 20:42
8,qwen_qwen3.5-0.8b,Coding Speed Test,COMPLETED,5/5,5,5,100.0%,108.8,0.604,151.2,756,10s,8cce2dd6-00b5-432f-829d-50e83bb37bc3,2026-07-05 20:42
6,ornith-1.0-9b,Speed Test,HALTED,3/15,3,3,100.0%,37.0,0.258,225.3,676,22s,,2026-07-05 10:01
5,ornith-1.0-9b,Speed Test,COMPLETED,15/15,15,15,100.0%,21.3,0.358,1766.7,26501,16m 54s,,2026-07-05 09:43
3,ornith-1.0-9b,LiveBench,HALTED,36/1436,0,36,0.0%,30.5,1.105,5114.7,184128,151m 0s,35479e19-b421-4762-bb96-217beabe4008,2026-07-04 11:45
2,ornith-1.0-9b,BigCodeBench-Hard,COMPLETED,148/148,6,148,4.1%,37.2,0.703,1396.6,206693,96m 20s,35479e19-b421-4762-bb96-217beabe4008,2026-07-04 11:45
1,ornith-1.0-9b,Aider Polyglot,HALTED,21/225,0,21,0.0%,36.0,2.419,4289.6,90081,150m 37s,35479e19-b421-4762-bb96-217beabe4008,2026-07-04 11:45
